keyword,source,source_url,date_captured,country,region,language,search_intent,funnel_stage,parent_topic,industry,question_type,local_modifier,comparison_target,volume,volume_source,cpc,cpc_source,competition,competition_source,trend,trend_source,serp_features,paa_presence,ai_overview_presence,transactional_strength,business_relevance,conversion_potential,ranking_feasibility,content_format,target_url,priority_tier,confidence,notes
ai receptionist for contractors,competitor FAQ + comparison articles,https://pipelineon.com/blog/ai-receptionist-contractor/,2026-07-31,US;CA,,en,commercial,BOF,AI receptionist,contractors,product,,,,unavailable,,unavailable,,unavailable,,unavailable,,unknown,unknown,unknown,high,high,high,low,money page,/ai-receptionist-for-contractors,1,verified-term,Saturated by funded vendors; keep page but do not lead positioning on it
answering service for contractors,competitor category pages,https://www.answerforce.com/contractors-answering-service,2026-07-31,US;CA,,en,commercial,BOF,answering service,contractors,product,,,,unavailable,,unavailable,,unavailable,,unavailable,,unknown,unknown,unknown,high,high,high,low,comparison,/compare/ai-receptionist-vs-answering-service,2,verified-term,Legacy term customers actually use
missed call text back,competitor category,https://www.getnextphone.com/blog/missed-call-text-back,2026-07-31,US;CA,,en,commercial,MOF,missed calls,contractors,product,,,,unavailable,,unavailable,,unavailable,,unavailable,,unknown,unknown,unknown,med,high,med,med,pillar,/missed-calls,1,verified-term,Adjacent category; entry point to the problem
missed calls contractors,problem framing across vendor content,https://contractorincharge.com/blog/missed-call-statistics-for-home-service-companies,2026-07-31,US;CA,,en,problem-aware,TOF,missed calls,contractors,problem,,,,unavailable,,unavailable,,unavailable,,unavailable,,unknown,unknown,unknown,low,high,med,med,pillar,/missed-calls,1,verified-term,Problem-aware; less vendor-saturated than product term
what does a missed call cost,ROI calculator content,https://www.invoca.com/blog/how-much-missed-sales-calls-cost-home-services-businesses,2026-07-31,US;CA,,en,informational,TOF,missed calls,contractors,cost,,,,unavailable,,unavailable,,unavailable,,unavailable,,unknown,unknown,unknown,low,high,high,med,calculator,/tools/missed-call-revenue-calculator,1,verified-term,Tool already exists
estimate follow up contractors,follow-up advice content,https://partnerwithpear.com/resources/follow-up-on-estimates-home-service/,2026-07-31,US;CA,,en,problem-aware,MOF,quote follow-up,contractors,how-to,,,,unavailable,,unavailable,,unavailable,,unavailable,,unknown,unknown,unknown,med,high,high,high,pillar,/quote-follow-up,1,verified-term,THINNEST COMPETITION FOUND — best opportunity
how to follow up on a quote,advice content,https://instantsalesfunnels.com/contractor-estimate-follow-up/,2026-07-31,US;CA,,en,informational,MOF,quote follow-up,contractors,how-to,,,,unavailable,,unavailable,,unavailable,,unavailable,,unknown,unknown,unknown,low,high,med,high,generator,/tools/contractor-quote-follow-up-generator,1,verified-term,Tool already exists
automate estimate follow up,solution framing,https://quotechase.app/resources,2026-07-31,US;CA,,en,commercial,MOF,quote follow-up,contractors,solution,,,,unavailable,,unavailable,,unavailable,,unavailable,,unknown,unknown,unknown,high,high,high,high,pillar,/quote-follow-up,1,inferred,Low competitor density
customers go quiet after quote,customer problem language,https://mybusinessportal.cloud/why-contractors-lose-jobs-after-sending-a-quote-and-how-to-fix-it/,2026-07-31,US;CA,,en,problem-aware,TOF,quote follow-up,contractors,problem,,,,unavailable,,unavailable,,unavailable,,unavailable,,unknown,unknown,unknown,low,high,med,high,pillar,/quote-follow-up,1,inferred,Long-tail problem phrasing
do i own the automation,buyer checklist literature,https://arsum.com/blog/posts/ai-automation-agency-pricing/,2026-07-31,US;CA,,en,commercial,BOF,ownership,all,trust,,,,unavailable,,unavailable,,unavailable,,unavailable,,unknown,unknown,unknown,high,high,high,high,trust page,/what-you-own,1,verified-term,STRUCTURAL MOAT — competitors cannot answer this
ai agency vendor lock in,buyer checklist literature,https://thinkpeak.ai/how-to-hire-an-ai-automation-agency/,2026-07-31,US;CA,,en,commercial,BOF,ownership,all,trust,,,,unavailable,,unavailable,,unavailable,,unavailable,,unknown,unknown,unknown,high,high,high,high,trust page,/what-you-own,1,verified-term,Recurring checklist-level objection
one time build vs monthly subscription,build-vs-buy content,https://www.digitalapplied.com/blog/build-vs-buy-ai-custom-tools-vs-branded-saas-2026,2026-07-31,US;CA,,en,commercial,BOF,ownership,all,comparison,,SaaS subscription,,unavailable,,unavailable,,unavailable,,unavailable,,unknown,unknown,unknown,high,high,high,med,calculator,/what-you-own,1,verified-term,Payback calculator opportunity
what happens if i stop paying my automation agency,buyer checklist literature,https://arsum.com/blog/posts/ai-automation-agency-pricing/,2026-07-31,US;CA,,en,commercial,BOF,ownership,all,trust,,,,unavailable,,unavailable,,unavailable,,unavailable,,unknown,unknown,unknown,high,high,high,high,trust page,/what-you-own,1,verified-term,Highest-severity ownership question
jobber ai receptionist,platform bundling evidence,https://theaitrades.ai/blog/jobber-ai-vs-servicetitan-ai-vs-housecall-pro-ai,2026-07-31,US;CA,,en,product-aware,BOF,platform gap,contractors,product,,Jobber,,unavailable,,unavailable,,unavailable,,unavailable,,unknown,unknown,unknown,high,high,high,med,money page,/beyond-platform-ai,1,verified-term,ZERO competitor coverage of the limitations angle
housecall pro ai receptionist,platform bundling evidence,https://korekomfortsolutions.com/jobber-ai-vs-housecall-pro-ai-are-they-worth-the-price-tag/,2026-07-31,US;CA,,en,product-aware,BOF,platform gap,contractors,product,,Housecall Pro,,unavailable,,unavailable,,unavailable,,unavailable,,unknown,unknown,unknown,high,high,high,med,money page,/beyond-platform-ai,1,verified-term,Same
jobber integration,integration demand,https://www.retellai.com/blog/ai-receptionist-crm-integration,2026-07-31,US;CA,,en,commercial,MOF,integrations,contractors,integration,,Jobber,,unavailable,,unavailable,,unavailable,,unavailable,,unknown,unknown,unknown,high,high,high,med,integration page,/integrations/jobber,2,inferred,Buyers search by their tool name
ai receptionist cost,saturated cost content,https://www.getaira.io/blog/ai-receptionist-cost,2026-07-31,US;CA,,en,commercial,MOF,pricing,all,cost,,,,unavailable,,unavailable,,unavailable,,unavailable,,unknown,unknown,unknown,high,med,med,low,pricing,/pricing,2,verified-term,SATURATED — do not compete; one page only
answering service cost per month,saturated cost content,https://www.getnextphone.com/blog/phone-answering-costs,2026-07-31,US;CA,,en,commercial,MOF,pricing,all,cost,,,,unavailable,,unavailable,,unavailable,,unavailable,,unknown,unknown,unknown,high,med,med,low,pricing,/pricing,2,verified-term,Saturated
ai receptionist vs answering service,saturated comparison,https://vida.io/blog/ai-receptionist-vs-answering-service,2026-07-31,US;CA,,en,comparison,MOF,comparisons,all,comparison,,answering service,,unavailable,,unavailable,,unavailable,,unavailable,,unknown,unknown,unknown,med,high,med,low,comparison,/compare/ai-receptionist-vs-answering-service,2,verified-term,Keep existing page only
call recording consent canada,regulatory,https://www.priv.gc.ca/en/privacy-topics/surveillance/02_05_d_14/,2026-07-31,CA,,en,informational,MOF,trust and legal,all,legal,Canada,,,unavailable,,unavailable,,unavailable,,unavailable,,unknown,unknown,unknown,low,high,low,med,trust page,/trust/call-recording,2,verified-fact,PIPEDA all-parties consent; primary source is OPC
pipeda call recording,regulatory,https://calltrackingmetrics.zendesk.com/hc/en-us/articles/13004341779469-Canadian-PIPEDA-Rules-Regarding-Call-Recordings,2026-07-31,CA,,en,informational,MOF,trust and legal,all,legal,Canada,,,unavailable,,unavailable,,unavailable,,unavailable,,unknown,unknown,unknown,low,high,low,med,trust page,/trust/call-recording,2,verified-fact,Canadian competitors already claim this
casl text message rules,regulatory,https://chamber.ca/resources/canadas-anti-spam-legislation/,2026-07-31,CA,,en,informational,MOF,trust and legal,all,legal,Canada,,,unavailable,,unavailable,,unavailable,,unavailable,,unknown,unknown,unknown,low,high,low,med,trust page,/trust/call-recording,2,verified-fact,Constrains follow-up automation product design
hvac answering service,trade-specific,https://www.answerforce.com/hvac-answering-service,2026-07-31,US;CA,,en,commercial,BOF,trade automation,HVAC,product,,,,unavailable,,unavailable,,unavailable,,unavailable,,unknown,unknown,unknown,high,high,high,low,trade page,/trades/hvac,2,verified-term,Heavily targeted by funded vendors
plumber answering service,trade-specific,https://elevenlabs.io/agents/plumbing-answering-service,2026-07-31,US;CA,,en,commercial,BOF,trade automation,plumbing,product,,,,unavailable,,unavailable,,unavailable,,unavailable,,unknown,unknown,unknown,high,high,high,low,trade page,/trades/plumbing,2,verified-term,Heavily targeted
fencing contractor quote follow up,trade + gap combination,,2026-07-31,CA;US,,en,problem-aware,MOF,trade automation,fencing,problem,,,,unavailable,,unavailable,,unavailable,,unavailable,,unknown,unknown,unknown,med,high,high,high,trade page,/trades/fencing-decks,2,inferred,UNCONTESTED — no vendor targets this trade
landscaping office software,trade-specific,,2026-07-31,CA;US,,en,commercial,MOF,trade automation,landscaping,product,,,,unavailable,,unavailable,,unavailable,,unavailable,,unknown,unknown,unknown,med,high,med,high,trade page,/trades/landscaping,2,inferred,Uncontested
ai automation surrey,local,,2026-07-31,CA,BC,en,commercial,BOF,local,all,local,Surrey BC,,,unavailable,,unavailable,,unavailable,,unavailable,,unknown,unknown,unknown,high,high,high,med,location,/locations/surrey,3,inferred,GATED on GBP + local client
ai receptionist vancouver,local,,2026-07-31,CA,BC,en,commercial,BOF,local,all,local,Vancouver BC,,,unavailable,,unavailable,,unavailable,,unavailable,,unknown,unknown,unknown,high,high,high,low,location,/locations,3,inferred,Gated; competitive
contractor quote close rate benchmark,original research opportunity,,2026-07-31,CA;US,,en,informational,TOF,benchmarks,contractors,benchmark,,,,unavailable,,unavailable,,unavailable,,unavailable,,unknown,unknown,unknown,low,high,low,high,original study,/proof,3,inferred,NO good source exists — that is the opportunity
how fast do contractors respond to leads,original research opportunity,https://www.insidesales.com/response-time-matters/,2026-07-31,CA;US,,en,informational,TOF,benchmarks,contractors,benchmark,,,,unavailable,,unavailable,,unavailable,,unavailable,,unknown,unknown,unknown,low,high,low,high,original study,/proof,3,inferred,Existing stats are poorly sourced
custom ai app for small business,custom build,https://www.aimakers.co/blog/custom-ai-vs-off-the-shelf/,2026-07-31,US;CA,,en,commercial,BOF,custom builds,all,product,,,,unavailable,,unavailable,,unavailable,,unavailable,,unknown,unknown,unknown,high,med,high,low,money page,/ai-business-system,3,verified-term,Low volume high value long cycle
servicio de contestacion para contratistas,Spanish expansion,,2026-07-31,US,,es,commercial,BOF,answering service,contractors,product,,,,unavailable,,unavailable,,unavailable,,unavailable,,unknown,unknown,unknown,high,med,high,low,none,,watchlist,inferred,REJECTED — no Spanish delivery capability
reception niste ai quebec,French expansion,https://voxify.ca/quebec-ai-receptionist,2026-07-31,CA,QC,fr,commercial,BOF,AI receptionist,all,product,Quebec,,,unavailable,,unavailable,,unavailable,,unavailable,,unknown,unknown,unknown,high,low,med,low,none,,watchlist,inferred,REJECTED — Voxify holds it with Loi 25 + native French
