page	clicks	impressions	position
/	3	60	15.4
/industries	1	20	5.8
/ai-receptionist	0	146	72.5
/ai-chatbot-development	0	118	68.6
/resources/best-ai-tools-for-contractors	0	66	72.1
/resources/is-ai-receptionist-worth-it	0	25	42.4
/done-for-you-ai-automation	0	20	51.0
/faq	0	16	6.6
/ai-receptionist-for-contractors	0	16	71.9
/locations/ai-chatbot-developer-vancouver	0	15	54.1
/industries/landscaping-ai-automation	0	15	55.2
/custom-ai-app-development	0	14	10.2
/how-to/automate-customer-replies	0	14	37.4
/ai-integration-services	0	14	48.4
/locations/ai-automation-white-rock-bc	0	14	59.9
/create	0	12	4.5
/industries/physiotherapy-ai-automation	0	12	69.4
/ai-business-system	0	11	4.5
/ai-automation-agency	0	10	4.3
/services/ai-workflow-automation	0	10	27.3
/ai-lead-follow-up-agent	0	10	79.6
/industries/gym-ai-automation	0	8	45.6
/resources/best-ai-tools-for-content-creators	0	8	47.1
/resources/what-is-an-ai-worker	0	8	59.4
/creators/ai-creator-crm	0	7	6.9
/locations/ai-automation-chilliwack-bc	0	7	6.9
/resources/can-ai-answer-business-phone-calls	0	7	68.6
/locations/ai-receptionist-surrey-bc	0	6	18.7
/resources/ai-lead-follow-up-guide	0	6	65.5
/locations/ai-automation-agency-surrey-bc	0	5	17.2
/resources/can-ai-clone-my-voice-legally	0	5	39.8
/creators/ai-tools-for-content-creators	0	5	88.4
/resources/ai-chatbot-cost	0	5	93.4
/locations/ai-automation-burnaby-bc	0	4	13.3
/resources/can-ai-send-quotes-automatically	0	4	73.5
/locations/ai-automation-calgary-ab	0	4	76.8
/demo	0	3	3.7
/locations/ai-automation-delta-bc	0	3	4.3
/services/ai-crm-automation	0	3	7.3
/ai-chatbot-for-small-business	0	3	29.7
/industries/chiropractor-ai-automation	0	3	36.0
/use-cases/facebook-lead-automation	0	3	52.3
/resources/ai-integration-cost	0	3	85.3
/industries/consultant-ai-automation	0	2	3.0
/industries/immigration-consultant-ai-automation	0	2	6.0
/creators/ai-tiktok-content-system	0	2	7.0
/creators	0	2	8.0
/use-cases/ai-chatbot-for-restaurants	0	2	8.0
/creators/ai-course-creator-automation	0	2	10.0
/locations/ai-automation-new-westminster-bc	0	2	10.0
/ai-automation-canada	0	2	10.5
/how-to/automate-invoice-reminders	0	2	17.0
/resources/best-ai-automations-for-service-businesses	0	2	34.5
/industries/agency-ai-automation	0	2	36.5
/locations/ai-automation-coquitlam-bc	0	2	41.5
/use-cases/google-business-profile-lead-automation	0	2	57.5
/resources/can-ai-follow-up-with-leads	0	2	71.0
/use-cases/ai-sop-generator	0	2	87.5
/use-cases/missed-call-automation	0	2	89.0
/industries/painter-ai-automation	0	2	95.5
/resources/can-ai-run-my-customer-support	0	1	1.0
/locations/custom-ai-apps-surrey	0	1	2.0
/use-cases/ai-receptionist-for-dentists	0	1	2.0
/compare/hiring-vs-ai-automation	0	1	3.0
/resources/custom-ai-tool-cost	0	1	3.0
/compare/ai-receptionist-pricing-canada	0	1	4.0
/industries/accountant-ai-automation	0	1	4.0
/locations/ai-automation-maple-ridge-bc	0	1	4.0
/resources/small-business-ai-setup-cost	0	1	4.0
/use-cases/automate-admin-for-accountants	0	1	4.0
/locations/ai-automation-edmonton-ab	0	1	7.0
/services/ai-calendar-booking-agent	0	1	8.0
/creators/ai-coaching-content-system	0	1	11.0
/creators/ai-youtube-shorts-automation	0	1	42.0
/how-to/automate-missed-calls	0	1	68.0
/industries/personal-trainer-ai-automation	0	1	69.0
/locations	0	1	80.0
/industries/wedding-planner-ai-automation	0	1	84.0
/locations/ai-automation-toronto-on	0	1	84.0
/locations/ai-automation-vancouver	0	1	90.0
/industries/insurance-broker-ai-automation	0	1	94.0
