query	clicks	impressions	position
ai receptionist for contractors	0	50	71.9
custom chatbot development vancouver	0	42	69.0
ai receptionist for construction	0	34	72.9
ai chatbot development vancouver	0	29	82.4
ai leads for contractors	0	22	74.7
ai receptionist for small business	0	19	84.8
is an ai receptionist worth it?	0	15	45.8
ai services surrey	0	11	88.6
virtual receptionists for contractors	0	11	96.0
handbuilt	0	9	41.2
custom chatbot development canada	0	9	89.6
done for you ai automation	0	8	50.9
ai receptionist for trades	0	8	74.4
ai chatbot development in vancouver	0	8	91.9
ai sales follow up system for construction company	0	6	78.0
contractor automation tools	0	6	83.3
ai workers	0	5	67.2
ai automation for gyms	0	5	68.6
ai automation for contractors	0	5	71.2
ai quoting software contractors	0	5	81.0
ai receptionist for carpenters	0	5	85.0
is an ai receptionist worth it	0	4	56.8
done-for-you ai systems canada	0	4	63.5
ai receptionist for construction companies	0	4	80.0
ai answering service for builders	0	4	81.2
automating physio clinic admin	0	4	87.8
ai chatbot for drywall contractors	0	4	95.0
ai worker	0	3	46.3
automation for physio clinics	0	3	51.0
hand built	0	3	54.0
done-for-you ai hamilton ontario	0	3	72.7
ai chatbot for contractors	0	3	75.0
expert-built workflows	0	3	75.0
ai chatbot calgary	0	3	75.7
ai lead follow up	0	3	78.0
can ai auto-fill seller fields from conversations	0	3	87.7
ai chatbot cost	0	3	92.7
contractor phone automation	0	3	98.0
what is the best way to automate customer support replies with ai while keeping accurate order details?	0	2	8.5
is ai receptionist worth it	0	2	42.5
ai business phone	0	2	70.0
can ai follow up with old leads without my team touching them	0	2	71.0
physio clinic automation tools	0	2	77.0
ai integration cost	0	2	86.0
ai quote generation for field service	0	2	86.0
pre-built integration	0	2	87.5
paynudges.com	0	2	91.5
builder lead follow up	0	2	92.0
ai receptionist for tradespeople	0	2	93.0
builder automated follow up	0	2	95.0
painter voice assistant	0	2	95.5
prebuilt integrations	0	2	100.0
intercom fin site-exclusion operator query	0	1	9.0
ai cold calling software for construction companies	0	1	18.0
done-for-you ai automation	0	1	39.0
is ai voice cloning illegal?	0	1	39.0
best ai tools for creators	0	1	41.0
facebook leads automation	0	1	48.0
best ai for contractors	0	1	57.0
ai assistant for creators	0	1	62.0
facebook lead ads automation	0	1	63.0
ai voice cloning consent	0	1	65.0
custom ai mobile app	0	1	65.0
ai receptionist for handyman services	0	1	67.0
missed call text back automation	0	1	68.0
automation for personal trainer	0	1	69.0
ai tools for tradespeople	0	1	70.0
home builder automated follow up	0	1	72.0
chatbot for small business	0	1	73.0
google business profile automation tool	0	1	76.0
contractor ai solutions	0	1	77.0
ai services coquitlam	0	1	78.0
missed call automation	0	1	78.0
sop ai	0	1	81.0
pre-built integrations	0	1	82.0
quotes automation	0	1	83.0
ai automation toronto	0	1	84.0
ai custom integration pricing	0	1	84.0
chatbot consulting vancouver	0	1	84.0
ai lead response hamilton	0	1	86.0
how much is a chatbot	0	1	89.0
ai automation for landscaping companies	0	1	90.0
automated customer call responses	0	1	91.0
ai automation for subcontractors	0	1	93.0
can ai answer business phone calls	0	1	93.0
sop generator	0	1	94.0
ai cold calling software for contractors	0	1	95.0
ai follow up for landscapers	0	1	96.0
automation tools for landscaping businesses	0	1	98.0
ai phone assistant for business	0	1	99.0
ai receptionist for building contractors	0	1	100.0
cost to build a chatbot	0	1	100.0
