query	country	location	source	search_volume	cpc	difficulty	trend	intent	funnel_stage	trade	business_size	serp_type	existing_target_url	recommended_target_url	content_format	priority	evidence_level	verdict	notes	date_collected
ai automation surrey bc	CA	Surrey BC	google-serp-live	UNKNOWN	UNKNOWN	UNKNOWN	UNKNOWN	local-commercial	MOFU/BOFU	all	1-15	CA-HOSTS	UNKNOWN	/locations/ai-receptionist-surrey-bc	location landing	P0	V	attack-now	No AI Overview, no ads, no PAA. Page one is six Surrey/BC AI agencies. Winnable with a real local entity + GBP.	2026-08-01
ai consultant surrey	CA	Surrey BC	google-serp-live	UNKNOWN	UNKNOWN	UNKNOWN	UNKNOWN	local-commercial	BOFU	all	1-15	PAA+CA-HOSTS	UNKNOWN	/locations/ai-receptionist-surrey-bc	location landing	P0	V	attack-now	No AI Overview. adaptai.ca ranks. PAA is cost-led.	2026-08-01
business automation consultant near me	CA	BC	google-serp-live	UNKNOWN	UNKNOWN	UNKNOWN	UNKNOWN	local-commercial	BOFU	all	1-15	AIO+PAA+REDDIT-ORGANIC+CA-HOSTS	UNKNOWN	/locations/ai-receptionist-surrey-bc	location landing	P1	V	attack-now	Related searches explicitly name Surrey and Vancouver. Needs GBP to compete.	2026-08-01
ai company for contractors canada	CA	Canada	google-serp-live	UNKNOWN	UNKNOWN	UNKNOWN	UNKNOWN	local-commercial	MOFU	all	any	AIO+PAA+FORUMS+CA-HOSTS	UNKNOWN	/ai-automation-canada	national landing	P1	V	attack-after-proof	frameworkai.ca, bdc.ca, scaleai.ca rank. Credibility-gated.	2026-08-01
quote follow up for contractors	CA	Canada	google-serp-live	UNKNOWN	UNKNOWN	UNKNOWN	UNKNOWN	problem-aware	TOFU/MOFU	all	1-15	AIO+PAA+FORUMS+REDDIT-ORGANIC	UNKNOWN	/tools/contractor-quote-follow-up-generator	free tool + guide	P0	V	build-free-tool	PAA is 100% on-topic. Reddit + Facebook both rank. Tool already exists.	2026-08-01
customer did not respond to estimate	CA	Canada	google-serp-live	UNKNOWN	UNKNOWN	UNKNOWN	UNKNOWN	problem-aware	TOFU	all	1-15	AIO+PAA+REDDIT-ORGANIC	UNKNOWN	/tools/contractor-quote-follow-up-generator	free tool + guide	P0	V	build-free-tool	Reddit, Facebook AND Quora all rank — strong unmet-need signal. PAA fully on-topic.	2026-08-01
roofing quote follow up	CA	Canada	google-serp-live	UNKNOWN	UNKNOWN	UNKNOWN	UNKNOWN	problem-aware	MOFU	roofing	1-15	AIO+PAA+REDDIT-ORGANIC	UNKNOWN	/industries/roofing	trade landing	P0	V	attack-now	On-topic PAA. Roofing beachhead entry point.	2026-08-01
estimate follow up template	CA	Canada	google-autocomplete	UNKNOWN	UNKNOWN	UNKNOWN	UNKNOWN	informational	TOFU	all	any	UNKNOWN (serp not collected)	UNKNOWN	/tools/contractor-quote-follow-up-generator	free tool	P1	D	build-free-tool	SERP COLLECTION FAILED this session — verdict is from autocomplete presence only.	2026-08-01
missed call text back	CA	Canada	google-serp-live+google-autocomplete	UNKNOWN	UNKNOWN	UNKNOWN	UNKNOWN	solution-aware	MOFU	all	1-15	AIO+REDDIT-ORGANIC+CA-HOSTS	UNKNOWN	/tools/missed-call-revenue-calculator	free tool	P0	V	build-free-tool	347 distinct autocomplete variants — the largest cluster measured. gohighlevel dominates organic.	2026-08-01
contractor missed calls	CA	Canada	google-autocomplete-cluster	UNKNOWN	UNKNOWN	UNKNOWN	UNKNOWN	problem-aware	TOFU	all	1-15	UNKNOWN (serp not collected)	UNKNOWN	/tools/missed-call-revenue-calculator	free tool	P1	D	build-free-tool	SERP COLLECTION FAILED this session. Reddit thread evidence is strong.	2026-08-01
ai receptionist for contractors	CA	Canada	google-serp-live+google-autocomplete	UNKNOWN	UNKNOWN	UNKNOWN	UNKNOWN	product-aware	BOFU	all	1-15	AIO+ADS+FORUMS+REDDIT-ORGANIC+CA-HOSTS	UNKNOWN	/ai-receptionist-for-contractors	money page	P1	V	attack-after-proof	AI Overview + ads. Related searches include 'salary' and 'jobs' — job-seeker contamination.	2026-08-01
how much does an ai receptionist cost	CA	Canada	google-serp-live+google-autocomplete	UNKNOWN	UNKNOWN	UNKNOWN	UNKNOWN	commercial-cost	BOFU	all	1-15	AIO+PAA+FORUMS+REDDIT-ORGANIC+CA-HOSTS	UNKNOWN	/pricing	pricing + FAQ	P0	V	attack-now	Three Canadian competitors rank (mihronai.ca, voxara.ca, rasai.ca). PAA is cost-led and on-topic. We publish real ranges; most hide them.	2026-08-01
ai answering service for contractors	CA	Canada	google-serp-live+google-autocomplete	UNKNOWN	UNKNOWN	UNKNOWN	UNKNOWN	product-aware	BOFU	all	1-15	AIO+FORUMS+REDDIT-ORGANIC+CA-HOSTS	UNKNOWN	/ai-receptionist-for-contractors	money page	P1	V	attack-after-proof	'answering service' is near-equal vocabulary to 'receptionist' (270 vs 333 variants).	2026-08-01
contractor software without subscription	CA	Canada	google-serp-live	UNKNOWN	UNKNOWN	UNKNOWN	UNKNOWN	price-sensitive	MOFU	all	1-15	AIO+PAA+FORUMS+REDDIT-ORGANIC+CA-HOSTS	UNKNOWN	/ai-business-system	positioning page	P0	V	attack-now	Directly matches the ownership pitch. ownyourtools.work already plays this angle.	2026-08-01
jobber too expensive	CA	Canada	google-serp-live	UNKNOWN	UNKNOWN	UNKNOWN	UNKNOWN	objection	MOFU	all	1-15	AIO+PAA+FORUMS+REDDIT-ORGANIC	UNKNOWN	/compare/jobber-alternative	comparison	P1	V	attack-after-proof	Reddit #1. Related: 'Jobber reviews complaints'. PAA: 'Is Jobber a Canadian company?'	2026-08-01
jobber alternatives	CA	Canada	google-serp-live+google-autocomplete	UNKNOWN	UNKNOWN	UNKNOWN	UNKNOWN	comparison	BOFU	all	1-15	AIO+PAA+FORUMS+REDDIT-ORGANIC+CA-HOSTS	UNKNOWN	/compare/jobber-alternative	comparison	P2	V	monitor	capterra.ca, getapp.ca and Jobber itself rank. Directory-dominated; hard for a small site.	2026-08-01
housecall pro alternatives	CA	Canada	google-serp-live+google-autocomplete	UNKNOWN	UNKNOWN	UNKNOWN	UNKNOWN	comparison	BOFU	all	1-15	AIO+REDDIT-ORGANIC+CA-HOSTS	UNKNOWN	/compare	comparison	P2	V	monitor	Same directory dominance.	2026-08-01
who owns my customer data software	CA	Canada	google-serp-live	UNKNOWN	UNKNOWN	UNKNOWN	UNKNOWN	objection	MOFU	all	any	AIO+PAA+REDDIT-ORGANIC	UNKNOWN	/faq	FAQ answer	P1	V	fold-into-existing	Generic SERP, no contractor intent — but the objection is real. Answer it on-site, do not build a page.	2026-08-01
can i keep my phone number answering service	CA	Canada	google-serp-live	UNKNOWN	UNKNOWN	UNKNOWN	UNKNOWN	objection	BOFU	all	any	AIO+PAA+FORUMS+REDDIT-ORGANIC+CA-HOSTS	UNKNOWN	/faq	FAQ answer	P1	V	fold-into-existing	crtc.gc.ca ranks — genuine Canadian regulatory concern. Strong trust-building answer.	2026-08-01
customers hate automated messages	CA	Canada	google-serp-live	UNKNOWN	UNKNOWN	UNKNOWN	UNKNOWN	objection	TOFU	all	any	AIO+PAA+FORUMS+REDDIT-ORGANIC+CA-HOSTS	UNKNOWN	/faq	FAQ answer	P0	V	fold-into-existing	PAA: 'Why are customers averse to service chatbots?'. This is THE objection. Answer it head-on.	2026-08-01
ai for roofing companies	CA	Canada	google-serp-live+google-autocomplete	UNKNOWN	UNKNOWN	UNKNOWN	UNKNOWN	solution-aware	MOFU	roofing	1-15	AIO+PAA+FORUMS+REDDIT-ORGANIC	UNKNOWN	/industries/roofing	trade landing	P0	V	attack-now	On-topic PAA incl. 'Will AI replace roofing contractors?' — an objection to answer.	2026-08-01
roofing estimating software	CA	Canada	google-serp-live+google-autocomplete	UNKNOWN	UNKNOWN	UNKNOWN	UNKNOWN	solution-aware	MOFU	roofing	any	AIO+PAA+REDDIT-ORGANIC+CA-HOSTS	UNKNOWN	none	none	P3	V	avoid	roofr/roofsnap/stackct own this. Product category we do not sell. PAA drifts to homeowner roof-cost.	2026-08-01
contractor review requests	CA	Canada	google-serp-live	UNKNOWN	UNKNOWN	UNKNOWN	UNKNOWN	informational	n/a	all	any	AIO+PAA+FORUMS+REDDIT-ORGANIC+CA-HOSTS	UNKNOWN	none	none	P3	V	avoid	TRAP. PAA reads as homeowner-reviewing-a-contractor + contractor rate increases. Wrong audience entirely.	2026-08-01
contractor office automation	CA	Canada	google-serp-live	UNKNOWN	UNKNOWN	UNKNOWN	UNKNOWN	informational	n/a	all	any	AIO+PAA+FORUMS+CA-HOSTS	UNKNOWN	none	none	P3	V	avoid	TRAP. PAA: 'What is an automation contractor?' — Google reads this as industrial automation installers.	2026-08-01
ai tools for contractors	CA	Canada	google-serp-live+google-autocomplete	UNKNOWN	UNKNOWN	UNKNOWN	UNKNOWN	informational	TOFU	all	any	AIO+PAA+ADS+FORUMS+REDDIT-ORGANIC	UNKNOWN	/tools	hub	P2	V	fold-into-existing	PARTIAL TRAP. PAA includes 'best AI tool for contracts' (contract law). AI Overview + ads present.	2026-08-01
ai consultant for contractors	CA	Canada	google-serp-live	UNKNOWN	UNKNOWN	UNKNOWN	UNKNOWN	solution-aware	MOFU	all	any	AIO+PAA+REDDIT-ORGANIC+CA-HOSTS	UNKNOWN	none	none	P3	V	avoid	TRAP. bdc.ca ranks #1; PAA includes 'What is the 30% rule for AI?'. Diluted.	2026-08-01
done for you business automation	CA	Canada	google-serp-live	UNKNOWN	UNKNOWN	UNKNOWN	UNKNOWN	solution-aware	MOFU	all	any	AIO+FORUMS+REDDIT-ORGANIC	UNKNOWN	none	none	P3	V	avoid	Zero contractor and zero Canadian results. Global generic term. Internal language, not customer language.	2026-08-01
ai called my customer	CA	Canada	google-serp-live	UNKNOWN	UNKNOWN	UNKNOWN	UNKNOWN	objection	n/a	all	any	AIO+PAA+FORUMS+REDDIT-ORGANIC	UNKNOWN	none	none	P3	V	avoid	TRAP as a page. News coverage of AI scam calls. Confirms the fear is live; do not target the query.	2026-08-01
contractor crm for small business	CA	Canada	google-serp-live	UNKNOWN	UNKNOWN	UNKNOWN	UNKNOWN	solution-aware	MOFU	all	1-15	AIO+FORUMS+REDDIT-ORGANIC+CA-HOSTS	UNKNOWN	/ai-business-system	positioning page	P2	V	monitor	capterra.ca + buildertrend + buildops. Directory/vendor heavy.	2026-08-01
how to automate a contracting business	CA	Canada	google-serp-live	UNKNOWN	UNKNOWN	UNKNOWN	UNKNOWN	informational	TOFU	all	1-15	AIO+PAA+FORUMS+REDDIT-ORGANIC+CA-HOSTS	UNKNOWN	/resources	guide	P2	V	fold-into-existing	PAA drifts to 'contract management' and 'most profitable contracting business'.	2026-08-01
contractor invoice reminders	CA	Canada	google-serp-live	UNKNOWN	UNKNOWN	UNKNOWN	UNKNOWN	problem-aware	MOFU	all	1-15	AIO+PAA+REDDIT-ORGANIC+CA-HOSTS	UNKNOWN	/services	service section	P2	V	fold-into-existing	On-topic PAA incl. 'Are payment reminders legally required?' — good Canadian-compliance angle.	2026-08-01
automated review requests for contractors	CA	Canada	google-serp-live	UNKNOWN	UNKNOWN	UNKNOWN	UNKNOWN	solution-aware	MOFU	all	1-15	AIO+FORUMS+REDDIT-ORGANIC+CA-HOSTS	UNKNOWN	/services/ai-review-engine	service page	P2	V	monitor	Exists as a page already. Note the AI Review Engine pricing decision is still open.	2026-08-01
problems with jobber	CA	Canada	google-serp-live	UNKNOWN	UNKNOWN	UNKNOWN	UNKNOWN	objection	MOFU	all	1-15	AIO+FORUMS+REDDIT-ORGANIC	UNKNOWN	/compare/jobber-alternative	comparison	P2	V	monitor	Jobber's own help/status pages plus Reddit, BBB, Trustpilot. Hard to outrank, easy to be honest about.	2026-08-01
contractor software data export	CA	Canada	google-serp-live	UNKNOWN	UNKNOWN	UNKNOWN	UNKNOWN	objection	MOFU	all	any	AIO+REDDIT-ORGANIC+CA-HOSTS	UNKNOWN	/faq	FAQ answer	P1	V	fold-into-existing	Directly supports the data-export commitment already in the trust list.	2026-08-01
contractor software alternatives	CA	Canada	google-serp-live	UNKNOWN	UNKNOWN	UNKNOWN	UNKNOWN	comparison	MOFU	all	1-15	AIO+FORUMS+REDDIT-ORGANIC+CA-HOSTS	UNKNOWN	/compare	comparison hub	P2	V	monitor	capterra.ca + getapp.ca dominate. blog.tradetraks.ca is a small Canadian entrant.	2026-08-01
